Workbook

Sheet Internal
B2: Challenge | C2: 9:00 - 10:00
A3: Team ID | B3: Team Name | C3: Slot | E3: functionality | F3: complexity in data | G3: complexity in design | H3: design | I3: Total
A4: PSIFI-240 | B4: Aitchison College Team G | C4: 1 | D4: done | E4: 10 | F4: 10 | G4: 9 | H4: 9 | I4: =SUM(D4:H4) -> 38
A5: PSIFI-073 | B5: Team hi-fi | C5: 2 | D5: done | E5: 5 | F5: 3 | G5: 7 | H5: 5 | I5: =SUM(D5:H5) -> 20
A6: PSIFI-062 | B6: WARRIORS | C6: 3 | D6: done | E6: 10 | F6: 11 | G6: 10 | H6: 9 | I6: =SUM(D6:H6) -> 40
A7: PSIFI-314 | B7: JT Team A | C7: 4 | D7: done | E7: 11 | F7: 11 | G7: 11 | H7: 10 | I7: =SUM(D7:H7) -> 43
A8: PSIFI-208 | B8: ISL PA Team D | C8: 5 | D8: done | E8: 10 | F8: 10 | G8: 9.5 | H8: 9 | I8: =SUM(D8:H8) -> 38.5
A9: PSIFI-025 | B9: The Minions Co. | C9: 6 | D9: done | E9: 6 | F9: 5 | G9: 8 | H9: 8 | I9: =SUM(D9:H9) -> 27
A10: PSIFI-231 | B10: Cerebral syndicate | C10: 7 | D10: done | E10: 9 | F10: 10 | G10: 9 | H10: 10 | I10: =SUM(D10:H10) -> 38
A11: PSIFI-279 | B11: ISL RR Team Q | C11: 8 | D11: done | E11: 8 | F11: 6 | G11: 7 | H11: 8 | I11: =SUM(D11:H11) -> 29
A12: PSIFI-171 | B12: Team Lynx | C12: 9 | D12: done | E12: 10 | F12: 9 | G12: 10 | H12: 10 | I12: =SUM(D12:H12) -> 39
A13: PSIFI-244 | B13: Akilala | C13: 10 | D13: done | E13: 8 | F13: 8 | G13: 8.5 | H13: 8.5 | I13: =SUM(D13:H13) -> 33
A14: PSIFI-266 | B14: ISL RR Team W | C14: 11 | D14: done | E14: 10 | F14: 10 | G14: 9 | H14: 10 | I14: =SUM(D14:H14) -> 39
A15: PSIFI-256 | B15: ISL RR Team H | C15: 12 | D15: done | E15: 10 | F15: 9 | G15: 8 | H15: 8 | I15: =SUM(D15:H15) -> 35
... A20: PSIFI-028 | B20: The Thinkaneers | C20: 17 | D20: not done | E20: 0 | F20: 0 | G20: 0 | H20: 0 | I20: =SUM(D20:H20) -> 0

Sheet Schedule
A1: Team ID | B1: Team Name | C1: Submitted
A2: =Internal!A4 -> PSIFI-240 | B2: =Internal!B4 -> Aitchison College Team G | C2: yes
A3: =Internal!A5 -> PSIFI-073 | B3: =Internal!B5 -> Team hi-fi | C3: yes
A4: =Internal!A6 -> PSIFI-062 | B4: =Internal!B6 -> WARRIORS | C4: yes
A5: =Internal!A7 -> PSIFI-314 | B5: =Internal!B7 -> JT Team A | C5: yes
A6: =Internal!A8 -> PSIFI-208 | B6: =Internal!B8 -> ISL PA Team D | C6: yes
A7: =Internal!A9 -> PSIFI-025 | B7: =Internal!B9 -> The Minions Co. | C7: yes
A8: =Internal!A10 -> PSIFI-231 | B8: =Internal!B10 -> Cerebral syndicate | C8: yes
A9: =Internal!A11 -> PSIFI-279 | B9: =Internal!B11 -> ISL RR Team Q | C9: yes
A10: =Internal!A12 -> PSIFI-171 | B10: =Internal!B12 -> Team Lynx | C10: yes
A11: =Internal!A13 -> PSIFI-244 | B11: =Internal!B13 -> Akilala | C11: yse
A12: =Internal!A14 -> PSIFI-266 | B12: =Internal!B14 -> ISL RR Team W | C12: yes
A13: =Internal!A15 -> PSIFI-256 | B13: =Internal!B15 -> ISL RR Team H | C13: yes
... A18: =Internal!A20 -> PSIFI-028 | B18: =Internal!B20 -> The Thinkaneers | C18: no
